{"cameraMode":{"drawMode":0,"name":"Shaded","section":"Shading Mode"},"sceneLighting":false,"audioPlay":false,"sceneViewState":{"showFog":true,"showMaterialUpdate":false,"showSkybox":true,"showFlares":true,"showImageEffects":true,"showParticleSystems":true},"in2DMode":false,"pivot":{"x":2.2200000286102297,"y":0.30000001192092898,"z":2.7200000286102297},"rotation":{"x":0.04467601701617241,"y":-0.002401086501777172,"z":-0.0001158683662652038,"w":-0.9989986419677734},"size":3.5082943439483644,"orthographic":false}