{"cameraMode":{"drawMode":0,"name":"Shaded","section":"Shading Mode"},"sceneLighting":false,"audioPlay":false,"sceneViewState":{"showFog":true,"showMaterialUpdate":false,"showSkybox":true,"showFlares":true,"showImageEffects":true,"showParticleSystems":true},"in2DMode":false,"pivot":{"x":7.068570613861084,"y":2.3889849185943605,"z":5.703059673309326},"rotation":{"x":-0.023212218657135965,"y":0.9701579809188843,"z":-0.10322349518537522,"w":-0.21817348897457124},"size":22.0,"orthographic":true}