{"cameraMode":{"drawMode":0,"name":"Shaded","section":"Shading Mode"},"sceneLighting":true,"audioPlay":false,"sceneViewState":{"showFog":true,"showMaterialUpdate":false,"showSkybox":true,"showFlares":true,"showImageEffects":true,"showParticleSystems":true},"in2DMode":false,"pivot":{"x":-0.3756592869758606,"y":2.5585975646972658,"z":-0.9997351765632629},"rotation":{"x":-0.06399954110383988,"y":0.9099194407463074,"z":-0.15320703387260438,"w":-0.38010308146476748},"size":10.0,"orthographic":false}