{"cameraMode":{"drawMode":0,"name":"Shaded","section":"Shading Mode"},"sceneLighting":true,"audioPlay":false,"sceneViewState":{"showFog":true,"showMaterialUpdate":false,"showSkybox":true,"showFlares":true,"showImageEffects":true,"showParticleSystems":true},"in2DMode":false,"pivot":{"x":5.476637363433838,"y":4.406665802001953,"z":7.0657196044921879},"rotation":{"x":-0.07479981333017349,"y":0.9001305103302002,"z":-0.17106933891773225,"w":-0.3935803174972534},"size":22.0,"orthographic":false}